date,ts,serveur,ip,user
2023-02-06 08:35:00,1675668900,193.49.172.174,sacha
2023-02-06 09:05:00,1675670700,193.49.172.174,sacha
2023-02-06 09:35:03,1675672503,193.49.172.174,sacha
2023-02-06 10:05:02,1675674302,193.49.172.174,sacha
2023-02-06 10:35:01,1675676101,193.49.172.174,sacha
2023-02-06 11:05:01,1675677901,193.49.172.174,sacha
2023-02-06 11:35:02,1675679702,193.49.172.174,sacha
2023-02-06 12:05:01,1675681501,193.49.172.174,sacha
2023-02-06 12:35:01,1675683301,193.49.172.174,sacha
2023-02-06 13:05:02,1675685102,193.49.172.174,sacha
2023-02-06 13:35:02,1675686902,193.49.172.174,sacha
2023-02-06 14:05:02,1675688702,193.49.172.174,sacha
2023-02-06 14:35:01,1675690501,193.49.172.174,sacha
2023-02-06 15:05:01,1675692301,193.49.172.174,sacha
2023-02-06 15:35:02,1675694102,193.49.172.174,sacha
2023-02-06 16:05:02,1675695902,193.49.172.174,sacha
2023-02-06 16:35:02,1675697702,193.49.172.174,sacha
2023-02-06 17:05:02,1675699502,193.49.172.174,sacha
2023-02-07 09:05:02,1675757102,193.49.172.174,sacha
2023-02-07 09:34:25,1675758865,193.49.172.183,sacha
2023-02-07 10:05:02,1675760702,193.49.172.183,sacha
2023-02-07 10:35:02,1675762502,193.49.172.174,sacha
2023-02-07 11:05:02,1675764302,193.49.172.174,sacha
2023-02-07 11:35:02,1675766102,193.49.172.174,sacha
2023-02-07 12:05:02,1675767902,193.49.172.174,sacha
2023-02-07 12:35:02,1675769702,193.49.172.174,sacha
2023-02-07 13:05:01,1675771501,193.49.172.174,sacha
2023-02-07 13:35:01,1675773301,193.49.172.174,sacha
2023-02-07 14:05:02,1675775102,193.49.172.174,sacha
2023-02-07 14:35:02,1675776902,193.49.172.174,sacha
2023-02-07 15:35:01,1675780501,193.49.172.174,sacha
2023-02-07 16:05:02,1675782302,193.49.172.174,sacha
2023-02-07 16:35:02,1675784102,193.49.172.174,sacha
2023-02-07 17:05:02,1675785902,193.49.172.174,sacha
2023-02-08 08:35:01,1675841701,193.49.172.174,sacha
2023-02-08 09:05:01,1675843501,193.49.172.174,sacha
2023-02-08 09:35:02,1675845302,193.49.172.174,sacha
2023-02-08 10:05:02,1675847102,193.49.172.174,sacha
2023-02-08 10:35:02,1675848902,193.49.172.174,sacha
2023-02-08 11:05:02,1675850702,193.49.172.174,sacha
2023-02-08 11:35:02,1675852502,193.49.172.174,sacha
2023-02-08 12:05:01,1675854301,193.49.172.174,sacha
2023-02-08 12:35:02,1675856102,193.49.172.174,sacha
2023-02-08 13:05:01,1675857901,193.49.172.174,sacha
2023-02-08 13:35:02,1675859702,193.49.172.174,sacha
2023-02-08 14:05:02,1675861502,193.49.172.174,sacha
2023-02-08 14:35:02,1675863302,193.49.172.174,sacha
2023-02-08 15:05:01,1675865101,193.49.172.174,sacha
2023-02-08 15:35:02,1675866902,193.49.172.174,sacha
2023-02-08 16:05:02,1675868702,193.49.172.174,sacha
2023-02-08 16:35:02,1675870502,193.49.172.174,sacha
2023-02-08 17:28:45,1675873725,192.168.0.7,sacha
2023-02-09 14:05:01,1675947901,193.49.172.174,sacha
2023-02-09 14:35:01,1675949701,193.49.172.183,sacha
2023-02-09 15:05:02,1675951502,193.49.172.183,sacha
2023-02-09 15:35:01,1675953301,193.49.172.183,sacha
2023-02-09 15:41:08,1675953668,193.49.172.183,sacha
2023-02-09 16:05:02,1675955102,193.49.172.183,sacha
2023-02-09 16:35:01,1675956901,193.49.172.183,sacha
2023-02-10 09:05:01,1676016301,192.168.0.62,sacha
2023-02-10 09:35:02,1676018102,192.168.0.62,sacha
2023-02-10 10:05:01,1676019901,192.168.0.62,sacha
2023-02-10 10:35:02,1676021702,192.168.0.62,sacha
2023-02-10 10:44:36,1676022276,192.168.0.1,sacha
2023-02-06 08:35:00,1675668900,193.49.172.174,sacha
2023-02-06 09:05:00,1675670700,193.49.172.174,sacha
2023-02-06 09:35:03,1675672503,193.49.172.174,sacha
2023-02-06 10:05:02,1675674302,193.49.172.174,sacha
2023-02-06 10:35:01,1675676101,193.49.172.174,sacha
2023-02-06 11:05:01,1675677901,193.49.172.174,sacha
2023-02-06 11:35:02,1675679702,193.49.172.174,sacha
2023-02-06 12:05:01,1675681501,193.49.172.174,sacha
2023-02-06 12:35:01,1675683301,193.49.172.174,sacha
2023-02-06 13:05:02,1675685102,193.49.172.174,sacha
2023-02-06 13:35:02,1675686902,193.49.172.174,sacha
2023-02-06 14:05:02,1675688702,193.49.172.174,sacha
2023-02-06 14:35:01,1675690501,193.49.172.174,sacha
2023-02-06 15:05:01,1675692301,193.49.172.174,sacha
2023-02-06 15:35:02,1675694102,193.49.172.174,sacha
2023-02-06 16:05:02,1675695902,193.49.172.174,sacha
2023-02-06 16:35:02,1675697702,193.49.172.174,sacha
2023-02-06 17:05:02,1675699502,193.49.172.174,sacha
2023-02-07 09:05:02,1675757102,193.49.172.174,sacha
2023-02-07 09:34:25,1675758865,193.49.172.183,sacha
2023-02-07 10:05:02,1675760702,193.49.172.183,sacha
2023-02-07 10:35:02,1675762502,193.49.172.174,sacha
2023-02-07 11:05:02,1675764302,193.49.172.174,sacha
2023-02-07 11:35:02,1675766102,193.49.172.174,sacha
2023-02-07 12:05:02,1675767902,193.49.172.174,sacha
2023-02-07 12:35:02,1675769702,193.49.172.174,sacha
2023-02-07 13:05:01,1675771501,193.49.172.174,sacha
2023-02-07 13:35:01,1675773301,193.49.172.174,sacha
2023-02-07 14:05:02,1675775102,193.49.172.174,sacha
2023-02-07 14:35:02,1675776902,193.49.172.174,sacha
2023-02-07 15:35:01,1675780501,193.49.172.174,sacha
2023-02-07 16:05:02,1675782302,193.49.172.174,sacha
2023-02-07 16:35:02,1675784102,193.49.172.174,sacha
2023-02-07 17:05:02,1675785902,193.49.172.174,sacha
2023-02-08 08:35:01,1675841701,193.49.172.174,sacha
2023-02-08 09:05:01,1675843501,193.49.172.174,sacha
2023-02-08 09:35:02,1675845302,193.49.172.174,sacha
2023-02-08 10:05:02,1675847102,193.49.172.174,sacha
2023-02-08 10:35:02,1675848902,193.49.172.174,sacha
2023-02-08 11:05:02,1675850702,193.49.172.174,sacha
2023-02-08 11:35:02,1675852502,193.49.172.174,sacha
2023-02-08 12:05:01,1675854301,193.49.172.174,sacha
2023-02-08 12:35:02,1675856102,193.49.172.174,sacha
2023-02-08 13:05:01,1675857901,193.49.172.174,sacha
2023-02-08 13:35:02,1675859702,193.49.172.174,sacha
2023-02-08 14:05:02,1675861502,193.49.172.174,sacha
2023-02-08 14:35:02,1675863302,193.49.172.174,sacha
2023-02-08 15:05:01,1675865101,193.49.172.174,sacha
2023-02-08 15:35:02,1675866902,193.49.172.174,sacha
2023-02-08 16:05:02,1675868702,193.49.172.174,sacha
2023-02-08 16:35:02,1675870502,193.49.172.174,sacha
2023-02-08 17:28:45,1675873725,192.168.0.7,sacha
2023-02-09 14:05:01,1675947901,193.49.172.174,sacha
2023-02-09 14:35:01,1675949701,193.49.172.183,sacha
2023-02-09 15:05:02,1675951502,193.49.172.183,sacha
2023-02-09 15:35:01,1675953301,193.49.172.183,sacha
2023-02-09 15:41:08,1675953668,193.49.172.183,sacha
2023-02-09 16:05:02,1675955102,193.49.172.183,sacha
2023-02-09 16:35:01,1675956901,193.49.172.183,sacha
2023-02-10 09:05:01,1676016301,192.168.0.62,sacha
2023-02-10 09:35:02,1676018102,192.168.0.62,sacha
2023-02-10 10:05:01,1676019901,192.168.0.62,sacha
2023-02-10 10:35:02,1676021702,192.168.0.62,sacha
2023-02-10 10:44:36,1676022276,192.168.0.1,sacha
2023-02-10 10:54:33,1676022873,192.168.0.1,sacha
2023-02-10 11:05:01,1676023501,192.168.0.62,sacha
2023-02-10 11:34:11,1676025251,192.168.0.1,sacha
2023-02-10 11:35:01,1676025301,192.168.0.62,sacha
2023-02-10 12:05:01,1676027101,192.168.0.62,sacha
2023-02-10 12:35:01,1676028901,192.168.0.62,sacha
2023-02-10 13:05:01,1676030701,192.168.0.62,sacha
2023-02-10 13:35:02,1676032502,192.168.0.62,sacha
2023-02-10 14:05:01,1676034301,192.168.0.62,sacha
2023-02-10 14:35:02,1676036102,192.168.0.62,sacha
2023-03-06 09:04:58,1678089898,193.49.172.174,sacha
2023-03-06 09:04:58,1678089898,193.49.172.174,sacha
2023-03-06 09:05:00,1678089900,193.49.172.174,sacha
2023-03-06 09:05:19,1678089919,193.49.172.174,sacha
2023-03-06 09:05:21,1678089921,193.49.172.174,sacha
2023-03-06 09:34:57,1678091697,193.49.172.174,sacha
2023-03-06 09:34:58,1678091698,193.49.172.174,sacha
2023-03-06 09:35:00,1678091700,193.49.172.174,sacha
2023-03-06 09:35:18,1678091718,193.49.172.174,sacha
2023-03-06 09:35:21,1678091721,193.49.172.174,sacha
2023-03-06 10:04:58,1678093498,193.49.172.174,sacha
2023-03-06 10:04:59,1678093499,193.49.172.174,sacha
2023-03-06 10:05:00,1678093500,193.49.172.174,sacha
2023-03-06 10:05:19,1678093519,193.49.172.174,sacha
2023-03-06 10:05:21,1678093521,193.49.172.174,sacha
2023-03-06 10:14:43,1678094083,193.49.172.174,sacha
2023-03-06 10:34:58,1678095298,193.49.172.174,sacha
2023-03-06 10:34:58,1678095298,193.49.172.174,sacha
2023-03-06 10:35:00,1678095300,193.49.172.174,sacha
2023-03-06 10:35:19,1678095319,193.49.172.174,sacha
2023-03-06 10:35:21,1678095321,193.49.172.174,sacha
2023-03-06 11:04:57,1678097097,193.49.172.174,sacha
2023-03-06 11:04:58,1678097098,193.49.172.174,sacha
2023-03-06 11:05:00,1678097100,193.49.172.174,sacha
2023-03-06 11:05:18,1678097118,193.49.172.174,sacha
2023-03-06 11:05:21,1678097121,193.49.172.174,sacha
2023-03-06 11:34:58,1678098898,193.49.172.174,sacha
2023-03-06 11:34:58,1678098898,193.49.172.174,sacha
2023-03-06 11:35:00,1678098900,193.49.172.174,sacha
2023-03-06 11:35:19,1678098919,193.49.172.174,sacha
2023-03-06 11:35:22,1678098922,193.49.172.174,sacha
2023-03-06 12:04:57,1678100697,193.49.172.174,sacha
2023-03-06 12:04:58,1678100698,193.49.172.174,sacha
2023-03-06 12:04:59,1678100699,193.49.172.174,sacha
2023-03-06 12:05:18,1678100718,193.49.172.174,sacha
2023-03-06 12:05:20,1678100720,193.49.172.174,sacha
2023-03-06 12:34:57,1678102497,193.49.172.174,sacha
2023-03-06 12:34:58,1678102498,193.49.172.174,sacha
2023-03-06 12:35:00,1678102500,193.49.172.174,sacha
2023-03-06 12:35:18,1678102518,193.49.172.174,sacha
2023-03-06 12:35:21,1678102521,193.49.172.174,sacha
2023-03-06 13:04:58,1678104298,193.49.172.174,sacha
2023-03-06 13:04:58,1678104298,193.49.172.174,sacha
2023-03-06 13:05:00,1678104300,193.49.172.174,sacha
2023-03-06 13:05:20,1678104320,193.49.172.174,sacha
2023-03-06 13:05:22,1678104322,193.49.172.174,sacha
2023-03-06 13:34:58,1678106098,193.49.172.174,sacha
2023-03-06 13:34:59,1678106099,193.49.172.174,sacha
2023-03-06 13:35:00,1678106100,193.49.172.174,sacha
2023-03-06 13:35:19,1678106119,193.49.172.174,sacha
2023-03-06 13:35:21,1678106121,193.49.172.174,sacha
2023-03-06 14:04:58,1678107898,193.49.172.174,sacha
2023-03-06 14:04:58,1678107898,193.49.172.174,sacha
2023-03-06 14:05:00,1678107900,193.49.172.174,sacha
2023-03-06 14:05:20,1678107920,193.49.172.174,sacha
2023-03-06 14:05:22,1678107922,193.49.172.174,sacha
2023-03-06 14:34:58,1678109698,193.49.172.174,sacha
2023-03-06 14:34:59,1678109699,193.49.172.174,sacha
2023-03-06 14:35:00,1678109700,193.49.172.174,sacha
2023-03-06 14:35:21,1678109721,193.49.172.174,sacha
2023-03-06 14:35:24,1678109724,193.49.172.174,sacha
2023-03-06 15:04:58,1678111498,193.49.172.174,sacha
2023-03-06 15:04:59,1678111499,193.49.172.174,sacha
2023-03-06 15:05:00,1678111500,193.49.172.174,sacha
2023-03-06 15:05:19,1678111519,193.49.172.174,sacha
2023-03-06 15:05:22,1678111522,193.49.172.174,sacha
2023-03-06 15:34:58,1678113298,193.49.172.174,sacha
2023-03-06 15:34:59,1678113299,193.49.172.174,sacha
2023-03-06 15:35:00,1678113300,193.49.172.174,sacha
2023-03-06 15:35:21,1678113321,193.49.172.174,sacha
2023-03-06 15:35:23,1678113323,193.49.172.174,sacha
2023-03-06 16:04:57,1678115097,193.49.172.174,sacha
2023-03-06 16:04:58,1678115098,193.49.172.174,sacha
2023-03-06 16:05:00,1678115100,193.49.172.174,sacha
2023-03-06 16:05:20,1678115120,193.49.172.174,sacha
2023-03-06 16:05:22,1678115122,193.49.172.174,sacha
2023-03-06 16:34:58,1678116898,193.49.172.174,sacha
2023-03-06 16:34:59,1678116899,193.49.172.174,sacha
2023-03-06 16:35:00,1678116900,193.49.172.174,sacha
2023-03-06 16:35:20,1678116920,193.49.172.174,sacha
2023-03-06 16:35:22,1678116922,193.49.172.174,sacha
2023-03-07 08:04:57,1678172697,193.49.172.174,sacha
2023-03-07 08:04:57,1678172697,193.49.172.174,sacha
2023-03-07 08:05:00,1678172700,193.49.172.174,sacha
2023-03-07 08:05:20,1678172720,193.49.172.174,sacha
2023-03-07 08:05:22,1678172722,193.49.172.174,sacha
2023-03-07 08:34:57,1678174497,193.49.172.174,sacha
2023-03-07 08:34:58,1678174498,193.49.172.174,sacha
2023-03-07 08:34:59,1678174499,193.49.172.174,sacha
2023-03-07 08:35:20,1678174520,193.49.172.174,sacha
2023-03-07 08:35:22,1678174522,193.49.172.174,sacha
2023-03-07 09:04:58,1678176298,193.49.172.174,sacha
2023-03-07 09:04:58,1678176298,193.49.172.174,sacha
2023-03-07 09:05:00,1678176300,193.49.172.174,sacha
2023-03-07 09:05:21,1678176321,193.49.172.174,sacha
2023-03-07 09:05:23,1678176323,193.49.172.174,sacha
2023-03-07 09:34:57,1678178097,193.49.172.183,sacha
2023-03-07 09:34:58,1678178098,193.49.172.183,sacha
2023-03-07 09:35:04,1678178104,193.49.172.183,sacha
2023-03-07 09:35:24,1678178124,193.49.172.183,sacha
2023-03-07 09:35:26,1678178126,193.49.172.183,sacha
2023-03-07 10:04:57,1678179897,193.49.172.174,sacha
2023-03-07 10:04:58,1678179898,193.49.172.174,sacha
2023-03-07 10:04:59,1678179899,193.49.172.174,sacha
2023-03-07 10:05:20,1678179920,193.49.172.174,sacha
2023-03-07 10:05:23,1678179923,193.49.172.174,sacha
2023-03-07 10:56:49,1678183009,193.49.172.174,sacha
2023-03-07 11:00:37,1678183237,193.49.172.174,sacha
2023-03-07 11:04:58,1678183498,80.214.211.14,sacha
2023-03-07 11:05:00,1678183500,80.214.211.14,sacha
2023-03-07 11:05:01,1678183501,80.214.211.14,sacha
2023-03-07 11:05:27,1678183527,80.214.211.14,sacha
2023-03-07 11:05:29,1678183529,80.214.211.14,sacha
2023-03-07 11:34:57,1678185297,80.214.211.14,sacha
2023-03-07 11:34:59,1678185299,80.214.211.14,sacha
2023-03-07 11:35:01,1678185301,80.214.211.14,sacha
2023-03-07 11:35:31,1678185331,80.214.211.14,sacha
2023-03-07 11:35:33,1678185333,80.214.211.14,sacha
2023-03-07 13:04:57,1678190697,193.49.172.174,sacha
2023-03-07 13:04:58,1678190698,193.49.172.174,sacha
2023-03-07 13:04:59,1678190699,193.49.172.174,sacha
2023-03-07 13:05:27,1678190727,193.49.172.174,sacha
2023-03-07 13:05:29,1678190729,193.49.172.174,sacha
2023-03-07 13:34:56,1678192496,193.49.172.174,sacha
2023-03-07 13:34:57,1678192497,193.49.172.174,sacha
2023-03-07 13:34:59,1678192499,193.49.172.174,sacha
2023-03-07 13:35:20,1678192520,193.49.172.174,sacha
2023-03-07 13:35:22,1678192522,193.49.172.174,sacha
2023-03-07 14:04:58,1678194298,193.49.172.183,sacha
2023-03-07 14:04:59,1678194299,193.49.172.183,sacha
2023-03-07 14:05:00,1678194300,193.49.172.183,sacha
2023-03-07 14:05:23,1678194323,193.49.172.183,sacha
2023-03-07 14:05:25,1678194325,193.49.172.183,sacha
2023-03-07 14:35:38,1678196138,193.49.172.174,sacha
2023-03-07 14:35:39,1678196139,193.49.172.174,sacha
2023-03-07 14:35:40,1678196140,193.49.172.174,sacha
2023-03-07 14:36:01,1678196161,193.49.172.174,sacha
2023-03-07 14:36:03,1678196163,193.49.172.174,sacha
2023-03-07 15:04:57,1678197897,193.49.172.174,sacha
2023-03-07 15:04:58,1678197898,193.49.172.174,sacha
2023-03-07 15:04:59,1678197899,193.49.172.174,sacha
2023-03-07 15:05:23,1678197923,193.49.172.174,sacha
2023-03-07 15:05:25,1678197925,193.49.172.174,sacha
2023-03-07 15:34:57,1678199697,193.49.172.174,sacha
2023-03-07 15:34:58,1678199698,193.49.172.174,sacha
2023-03-07 15:35:00,1678199700,193.49.172.174,sacha
2023-03-07 15:35:21,1678199721,193.49.172.174,sacha
2023-03-07 15:35:24,1678199724,193.49.172.174,sacha
2023-03-08 08:05:21,1678259121,193.49.172.183,sacha
2023-03-08 08:05:21,1678259121,193.49.172.183,sacha
2023-03-08 08:05:22,1678259122,193.49.172.183,sacha
2023-03-08 08:05:43,1678259143,193.49.172.183,sacha
2023-03-08 08:05:45,1678259145,193.49.172.183,sacha
2023-03-08 12:05:02,1678273502,193.49.172.174,sacha
2023-03-08 12:05:03,1678273503,193.49.172.174,sacha
2023-03-08 12:05:04,1678273504,193.49.172.174,sacha
2023-03-08 12:05:27,1678273527,193.49.172.174,sacha
2023-03-08 12:05:29,1678273529,193.49.172.174,sacha
2023-03-08 12:35:02,1678275302,193.49.172.174,sacha
2023-03-08 12:35:03,1678275303,193.49.172.174,sacha
2023-03-08 12:35:04,1678275304,193.49.172.174,sacha
2023-03-08 12:35:26,1678275326,193.49.172.174,sacha
2023-03-08 12:35:28,1678275328,193.49.172.174,sacha
2023-03-08 13:05:02,1678277102,193.49.172.174,sacha
2023-03-08 13:05:03,1678277103,193.49.172.174,sacha
2023-03-08 13:05:04,1678277104,193.49.172.174,sacha
2023-03-08 13:05:26,1678277126,193.49.172.174,sacha
2023-03-08 13:05:28,1678277128,193.49.172.174,sacha
2023-03-08 14:35:01,1678282501,193.49.172.183,sacha
2023-03-08 14:35:02,1678282502,193.49.172.183,sacha
2023-03-08 14:35:03,1678282503,193.49.172.183,sacha
2023-03-08 14:35:29,1678282529,193.49.172.183,sacha
2023-03-08 14:35:32,1678282532,193.49.172.183,sacha
2023-03-08 15:05:03,1678284303,193.49.172.183,sacha
2023-03-08 15:05:04,1678284304,193.49.172.183,sacha
2023-03-08 15:05:05,1678284305,193.49.172.183,sacha
2023-03-08 15:05:29,1678284329,193.49.172.183,sacha
2023-03-08 15:05:31,1678284331,193.49.172.183,sacha
2023-03-08 15:35:01,1678286101,193.49.172.183,sacha
2023-03-08 15:35:03,1678286103,193.49.172.183,sacha
2023-03-08 15:35:04,1678286104,193.49.172.183,sacha
2023-03-08 15:35:36,1678286136,193.49.172.183,sacha
2023-03-08 15:35:39,1678286139,193.49.172.183,sacha
2023-03-09 08:05:43,1678345543,193.49.172.174,sacha
2023-03-09 08:05:44,1678345544,193.49.172.174,sacha
2023-03-09 08:05:45,1678345545,193.49.172.174,sacha
2023-03-09 08:06:10,1678345570,193.49.172.174,sacha
2023-03-09 08:06:12,1678345572,193.49.172.174,sacha
2023-03-09 10:05:00,1678352700,193.49.172.183,sacha
2023-03-09 10:05:01,1678352701,193.49.172.183,sacha
2023-03-09 10:05:02,1678352702,193.49.172.183,sacha
2023-03-09 10:05:27,1678352727,193.49.172.183,sacha
2023-03-09 10:05:29,1678352729,193.49.172.183,sacha
2023-03-09 10:34:59,1678354499,193.49.172.183,sacha
2023-03-09 10:35:00,1678354500,193.49.172.183,sacha
2023-03-09 10:35:01,1678354501,193.49.172.183,sacha
2023-03-09 10:35:23,1678354523,193.49.172.183,sacha
2023-03-09 10:35:25,1678354525,193.49.172.183,sacha
2023-03-09 12:04:59,1678359899,193.49.172.174,sacha
2023-03-09 12:05:00,1678359900,193.49.172.174,sacha
2023-03-09 12:05:02,1678359902,193.49.172.174,sacha
2023-03-09 12:05:24,1678359924,193.49.172.174,sacha
2023-03-09 12:05:27,1678359927,193.49.172.174,sacha
2023-03-09 12:34:59,1678361699,193.49.172.174,sacha
2023-03-09 12:34:59,1678361699,193.49.172.174,sacha
2023-03-09 12:35:01,1678361701,193.49.172.174,sacha
2023-03-09 12:35:24,1678361724,193.49.172.174,sacha
2023-03-09 12:35:26,1678361726,193.49.172.174,sacha
2023-03-09 14:06:14,1678367174,193.49.172.183,sacha
2023-03-09 14:06:15,1678367175,193.49.172.183,sacha
2023-03-09 14:06:16,1678367176,193.49.172.183,sacha
2023-03-09 14:06:41,1678367201,193.49.172.183,sacha
2023-03-09 14:06:43,1678367203,193.49.172.183,sacha
2023-03-09 15:05:02,1678370702,80.214.220.96,sacha
2023-03-09 15:05:03,1678370703,80.214.220.96,sacha
2023-03-09 15:05:05,1678370705,80.214.220.96,sacha
2023-03-09 15:05:49,1678370749,80.214.220.96,sacha
2023-03-09 15:05:52,1678370752,80.214.220.96,sacha
2023-03-10 09:05:03,1678435503,192.168.0.62,sacha
2023-03-10 09:05:03,1678435503,192.168.0.62,sacha
2023-03-10 09:05:04,1678435504,192.168.0.62,sacha
2023-03-10 09:05:18,1678435518,192.168.0.62,sacha
2023-03-10 09:05:19,1678435519,192.168.0.62,sacha
2023-03-10 09:35:01,1678437301,192.168.0.62,sacha
2023-03-10 09:35:02,1678437302,192.168.0.62,sacha
2023-03-10 09:35:02,1678437302,192.168.0.62,sacha
2023-03-10 09:35:16,1678437316,192.168.0.62,sacha
2023-03-10 09:35:17,1678437317,192.168.0.62,sacha
2023-03-10 10:05:01,1678439101,192.168.0.62,sacha
2023-03-10 10:05:01,1678439101,192.168.0.62,sacha
2023-03-10 10:05:02,1678439102,192.168.0.62,sacha
2023-03-10 10:05:16,1678439116,192.168.0.62,sacha
2023-03-10 10:05:17,1678439117,192.168.0.62,sacha
2023-03-10 10:35:01,1678440901,192.168.0.62,sacha
2023-03-10 10:35:02,1678440902,192.168.0.62,sacha
2023-03-10 10:35:02,1678440902,192.168.0.62,sacha
2023-03-10 10:35:16,1678440916,192.168.0.62,sacha
2023-03-10 10:35:17,1678440917,192.168.0.62,sacha
2023-03-10 11:05:01,1678442701,192.168.0.62,sacha
2023-03-10 11:05:01,1678442701,192.168.0.62,sacha
2023-03-10 11:05:02,1678442702,192.168.0.62,sacha
2023-03-10 11:05:16,1678442716,192.168.0.62,sacha
2023-03-10 11:05:17,1678442717,192.168.0.62,sacha
2023-03-10 11:35:01,1678444501,192.168.0.62,sacha
2023-03-10 11:35:02,1678444502,192.168.0.62,sacha
2023-03-10 11:35:02,1678444502,192.168.0.62,sacha
2023-03-10 11:35:16,1678444516,192.168.0.62,sacha
2023-03-10 11:35:18,1678444518,192.168.0.62,sacha
2023-03-10 15:05:02,1678457102,192.168.0.62,sacha
2023-03-10 15:05:02,1678457102,192.168.0.62,sacha
2023-03-10 15:05:03,1678457103,192.168.0.62,sacha
2023-03-10 15:05:17,1678457117,192.168.0.62,sacha
2023-03-10 15:05:19,1678457119,192.168.0.62,sacha
2023-03-10 15:35:01,1678458901,192.168.0.62,sacha
2023-03-10 15:35:01,1678458901,192.168.0.62,sacha
2023-03-10 15:35:02,1678458902,192.168.0.62,sacha
2023-03-10 15:35:16,1678458916,192.168.0.62,sacha
2023-03-10 15:35:17,1678458917,192.168.0.62,sacha
2023-03-10 16:05:01,1678460701,192.168.0.62,sacha
2023-03-10 16:05:01,1678460701,192.168.0.62,sacha
2023-03-10 16:05:02,1678460702,192.168.0.62,sacha
2023-03-10 16:05:16,1678460716,192.168.0.62,sacha
2023-03-10 16:05:17,1678460717,192.168.0.62,sacha
2023-01-08 16:35:00,1673192100,192.168.0.62,sacha
2023-01-08 17:05:00,1673193900,192.168.0.62,sacha
2023-01-08 17:35:01,1673195701,192.168.0.62,sacha
2023-01-08 17:39:03,1673195943,192.168.0.1,sacha
2023-01-08 18:05:02,1673197502,192.168.0.62,sacha
2023-01-09 08:12:15,1673248335,193.49.172.174,sacha
2023-01-10 08:35:01,1673336101,193.49.172.174,sacha
2023-01-10 09:05:00,1673337900,193.49.172.174,sacha
2023-01-10 09:35:01,1673339701,193.49.172.174,sacha
2023-01-10 10:05:01,1673341501,193.49.172.174,sacha
2023-01-10 10:35:02,1673343302,193.49.172.174,sacha
2023-01-10 11:05:01,1673345101,193.49.172.174,sacha
2023-01-10 11:35:02,1673346902,193.49.172.174,sacha
2023-01-10 12:05:02,1673348702,193.49.172.174,sacha
2023-01-10 12:35:02,1673350502,193.49.172.174,sacha
2023-01-10 13:05:02,1673352302,193.49.172.174,sacha
2023-01-10 13:35:02,1673354102,193.49.172.174,sacha
2023-01-10 14:05:01,1673355901,193.49.172.183,sacha
2023-01-10 14:35:01,1673357701,193.49.172.183,sacha
2023-01-10 15:05:02,1673359502,193.49.172.174,sacha
2023-01-10 15:35:01,1673361301,193.49.172.174,sacha
2023-01-10 16:05:01,1673363101,193.49.172.174,sacha
2023-01-10 16:35:01,1673364901,193.49.172.174,sacha
2023-01-10 17:05:02,1673366702,193.49.172.174,sacha
2023-01-11 08:34:51,1673422491,193.49.172.174,sacha
2023-01-11 08:35:01,1673422501,193.49.172.174,sacha
2023-01-11 08:42:51,1673422971,193.49.172.174,sacha
2023-01-11 08:48:00,1673423280,193.49.172.174,sacha
2023-01-11 08:48:00,1673423280,193.49.172.174,sacha
2023-01-11 09:05:01,1673424301,193.49.172.174,sacha
2023-01-11 09:35:01,1673426101,193.49.172.174,sacha
2023-01-11 10:05:01,1673427901,193.49.172.174,sacha
2023-01-11 10:35:01,1673429701,193.49.172.174,sacha
2023-01-11 11:01:05,1673431265,193.49.172.174,sacha
2023-01-11 11:05:01,1673431501,193.49.172.174,sacha
2023-01-11 11:35:02,1673433302,193.49.172.174,sacha
2023-01-11 12:05:02,1673435102,193.49.172.174,sacha
2023-01-11 13:05:02,1673438702,193.49.172.174,sacha
2023-01-11 13:21:52,1673439712,193.49.172.174,sacha
2023-01-11 13:22:10,1673439730,193.49.172.174,sacha
2023-01-11 13:35:03,1673440503,193.49.172.174,sacha
2023-01-11 14:05:02,1673442302,193.49.172.174,sacha
2023-01-11 14:35:01,1673444101,193.49.172.174,sacha
2023-01-11 15:05:02,1673445902,193.49.172.174,sacha
2023-01-11 15:35:02,1673447702,193.49.172.174,sacha
2023-01-11 16:05:02,1673449502,193.49.172.174,sacha
2023-01-11 16:15:15,1673450115,193.49.172.174,sacha
2023-01-11 16:35:01,1673451301,193.49.172.174,sacha
2023-01-12 08:05:01,1673507101,193.49.172.174,sacha
2023-01-12 08:35:02,1673508902,193.49.172.174,sacha
2023-01-12 09:05:02,1673510702,193.49.172.174,sacha
2023-01-12 09:35:02,1673512502,193.49.172.183,sacha
2023-01-12 10:05:02,1673514302,193.49.172.183,sacha
2023-01-12 10:35:01,1673516101,193.49.172.183,sacha
2023-01-12 11:05:01,1673517901,193.49.172.174,sacha
2023-01-12 11:35:01,1673519701,193.49.172.174,sacha
2023-01-12 12:05:02,1673521502,193.49.172.174,sacha
2023-01-12 12:35:01,1673523301,193.49.172.174,sacha
2023-01-12 13:05:02,1673525102,193.49.172.174,sacha
2023-01-12 13:35:01,1673526901,193.49.172.174,sacha
2023-01-12 14:05:02,1673528702,193.49.172.174,sacha
2023-01-12 14:35:01,1673530501,193.49.172.174,sacha
2023-01-13 07:05:05,1673589905,192.168.0.62,sacha
2023-01-13 07:35:05,1673591705,192.168.0.62,sacha
2023-01-13 08:05:05,1673593505,192.168.0.62,sacha
2023-01-13 08:35:01,1673595301,192.168.0.62,sacha
2023-01-13 10:05:01,1673600701,192.168.0.62,sacha
2023-01-13 10:35:01,1673602501,192.168.0.62,sacha
2023-01-13 11:05:01,1673604301,192.168.0.62,sacha
2023-01-13 11:35:01,1673606101,192.168.0.62,sacha
2023-01-13 12:05:02,1673607902,192.168.0.62,sacha
2023-01-13 12:35:01,1673609701,192.168.0.62,sacha
2023-01-13 13:05:01,1673611501,192.168.0.62,sacha
2023-01-13 13:35:01,1673613301,192.168.0.62,sacha
2023-01-13 14:05:02,1673615102,192.168.0.62,sacha
2023-01-13 14:35:02,1673616902,192.168.0.62,sacha
2023-01-13 15:05:02,1673618702,192.168.0.62,sacha
2023-01-13 15:35:02,1673620502,192.168.0.62,sacha
2023-01-13 16:05:01,1673622301,192.168.0.62,sacha
2023-01-13 16:35:02,1673624102,192.168.0.62,sacha
2023-01-13 17:05:01,1673625901,192.168.0.62,sacha
2023-01-13 17:35:01,1673627701,192.168.0.62,sacha
2023-03-13 08:35:02,1678692902,193.49.172.174,sacha
2023-03-13 08:35:02,1678692902,193.49.172.174,sacha
2023-03-13 08:35:04,1678692904,193.49.172.174,sacha
2023-03-13 08:35:32,1678692932,193.49.172.174,sacha
2023-03-13 08:36:54,1678693014,193.49.172.174,sacha
2023-03-13 11:05:03,1678701903,193.49.172.174,sacha
2023-03-13 11:05:04,1678701904,193.49.172.174,sacha
2023-03-13 11:05:05,1678701905,193.49.172.174,sacha
2023-03-13 11:05:27,1678701927,193.49.172.174,sacha
2023-03-13 11:05:29,1678701929,193.49.172.174,sacha
2023-03-13 11:35:03,1678703703,193.49.172.174,sacha
2023-03-13 11:35:04,1678703704,193.49.172.174,sacha
2023-03-13 11:35:06,1678703706,193.49.172.174,sacha
2023-03-13 11:35:27,1678703727,193.49.172.174,sacha
2023-03-13 11:35:29,1678703729,193.49.172.174,sacha
2023-03-13 12:05:03,1678705503,193.49.172.174,sacha
2023-03-13 12:05:04,1678705504,193.49.172.174,sacha
2023-03-13 12:05:06,1678705506,193.49.172.174,sacha
2023-03-13 12:05:27,1678705527,193.49.172.174,sacha
2023-03-13 12:05:29,1678705529,193.49.172.174,sacha
2023-03-13 13:05:03,1678709103,193.49.172.174,sacha
2023-03-13 13:05:04,1678709104,193.49.172.174,sacha
2023-03-13 13:05:05,1678709105,193.49.172.174,sacha
2023-03-13 13:05:26,1678709126,193.49.172.174,sacha
2023-03-13 13:05:28,1678709128,193.49.172.174,sacha
2023-03-13 13:35:03,1678710903,193.49.172.174,sacha
2023-03-13 13:35:04,1678710904,193.49.172.174,sacha
2023-03-13 13:35:06,1678710906,193.49.172.174,sacha
2023-03-13 13:35:28,1678710928,193.49.172.174,sacha
2023-03-13 13:35:30,1678710930,193.49.172.174,sacha
2023-03-13 14:05:03,1678712703,193.49.172.174,sacha
2023-03-13 14:05:04,1678712704,193.49.172.174,sacha
2023-03-13 14:05:05,1678712705,193.49.172.174,sacha
2023-03-13 14:05:28,1678712728,193.49.172.174,sacha
2023-03-13 14:05:31,1678712731,193.49.172.174,sacha
2023-03-13 14:35:03,1678714503,193.49.172.174,sacha
2023-03-13 14:35:04,1678714504,193.49.172.174,sacha
2023-03-13 14:35:05,1678714505,193.49.172.174,sacha
2023-03-13 14:35:27,1678714527,193.49.172.174,sacha
2023-03-13 14:36:08,1678714568,193.49.172.174,sacha
2023-03-13 15:02:53,1678716173,193.49.172.174,sacha
2023-03-13 15:02:54,1678716174,193.49.172.174,sacha
2023-03-13 15:05:03,1678716303,193.49.172.174,sacha
2023-03-13 15:05:04,1678716304,193.49.172.174,sacha
2023-03-13 15:05:05,1678716305,193.49.172.174,sacha
2023-03-13 15:05:26,1678716326,193.49.172.174,sacha
2023-03-13 15:05:29,1678716329,193.49.172.174,sacha
2023-03-13 15:35:03,1678718103,193.49.172.174,sacha
2023-03-13 15:35:04,1678718104,193.49.172.174,sacha
2023-03-13 15:35:05,1678718105,193.49.172.174,sacha
2023-03-13 15:35:28,1678718128,193.49.172.174,sacha
2023-03-13 15:35:31,1678718131,193.49.172.174,sacha
2023-03-13 16:05:03,1678719903,193.49.172.174,sacha
2023-03-13 16:05:04,1678719904,193.49.172.174,sacha
2023-03-13 16:05:06,1678719906,193.49.172.174,sacha
2023-03-13 16:05:28,1678719928,193.49.172.174,sacha
2023-03-13 16:05:30,1678719930,193.49.172.174,sacha
2023-03-13 16:35:03,1678721703,193.49.172.174,sacha
2023-03-13 16:35:04,1678721704,193.49.172.174,sacha
2023-03-13 16:35:05,1678721705,193.49.172.174,sacha
2023-03-13 16:35:27,1678721727,193.49.172.174,sacha
2023-03-13 16:35:29,1678721729,193.49.172.174,sacha
2023-03-14 08:35:04,1678779304,193.49.172.174,sacha
2023-03-14 08:35:05,1678779305,193.49.172.174,sacha
2023-03-14 08:35:06,1678779306,193.49.172.174,sacha
2023-03-14 08:35:30,1678779330,193.49.172.174,sacha
2023-03-14 08:36:11,1678779371,193.49.172.174,sacha
2023-03-14 09:05:05,1678781105,193.49.172.174,sacha
2023-03-14 09:05:06,1678781106,193.49.172.174,sacha
2023-03-14 09:05:07,1678781107,193.49.172.174,sacha
2023-03-14 09:05:31,1678781131,193.49.172.174,sacha
2023-03-14 09:06:11,1678781171,193.49.172.174,sacha
2023-03-14 09:35:04,1678782904,193.49.172.174,sacha
2023-03-14 09:35:06,1678782906,193.49.172.174,sacha
2023-03-14 09:35:08,1678782908,193.49.172.174,sacha
2023-03-14 09:35:32,1678782932,193.49.172.174,sacha
2023-03-14 09:36:12,1678782972,193.49.172.174,sacha
2023-03-14 10:05:01,1678784701,193.49.172.174,sacha
2023-03-14 10:05:02,1678784702,193.49.172.174,sacha
2023-03-14 10:05:04,1678784704,193.49.172.174,sacha
2023-03-14 10:05:25,1678784725,193.49.172.174,sacha
2023-03-14 10:06:06,1678784766,193.49.172.174,sacha
2023-03-14 10:35:02,1678786502,193.49.172.174,sacha
2023-03-14 10:35:03,1678786503,193.49.172.174,sacha
2023-03-14 10:35:04,1678786504,193.49.172.174,sacha
2023-03-14 10:35:26,1678786526,193.49.172.174,sacha
2023-03-14 10:36:06,1678786566,193.49.172.174,sacha
2023-03-14 11:05:01,1678788301,193.49.172.174,sacha
2023-03-14 11:05:02,1678788302,193.49.172.174,sacha
2023-03-14 11:05:04,1678788304,193.49.172.174,sacha
2023-03-14 11:05:25,1678788325,193.49.172.174,sacha
2023-03-14 11:06:06,1678788366,193.49.172.174,sacha
2023-03-14 11:35:02,1678790102,193.49.172.174,sacha
2023-03-14 11:35:03,1678790103,193.49.172.174,sacha
2023-03-14 11:35:04,1678790104,193.49.172.174,sacha
2023-03-14 11:35:26,1678790126,193.49.172.174,sacha
2023-03-14 11:36:06,1678790166,193.49.172.174,sacha
2023-03-14 12:05:01,1678791901,193.49.172.174,sacha
2023-03-14 12:05:02,1678791902,193.49.172.174,sacha
2023-03-14 12:05:04,1678791904,193.49.172.174,sacha
2023-03-14 12:05:25,1678791925,193.49.172.174,sacha
2023-03-14 12:06:05,1678791965,193.49.172.174,sacha
2023-03-14 12:35:01,1678793701,193.49.172.174,sacha
2023-03-14 12:35:03,1678793703,193.49.172.174,sacha
2023-03-14 12:35:04,1678793704,193.49.172.174,sacha
2023-03-14 12:35:25,1678793725,193.49.172.174,sacha
2023-03-14 12:35:27,1678793727,193.49.172.174,sacha
2023-03-14 13:05:01,1678795501,193.49.172.174,sacha
2023-03-14 13:05:02,1678795502,193.49.172.174,sacha
2023-03-14 13:05:04,1678795504,193.49.172.174,sacha
2023-03-14 13:05:25,1678795525,193.49.172.174,sacha
2023-03-14 13:06:05,1678795565,193.49.172.174,sacha
2023-03-14 13:35:02,1678797302,193.49.172.174,sacha
2023-03-14 13:35:03,1678797303,193.49.172.174,sacha
2023-03-14 13:35:04,1678797304,193.49.172.174,sacha
2023-03-14 13:35:26,1678797326,193.49.172.174,sacha
2023-03-14 13:36:07,1678797367,193.49.172.174,sacha
2023-03-14 14:35:03,1678800903,193.49.172.174,sacha
2023-03-14 14:35:04,1678800904,193.49.172.174,sacha
2023-03-14 14:35:05,1678800905,193.49.172.174,sacha
2023-03-14 14:35:26,1678800926,193.49.172.174,sacha
2023-03-14 14:35:28,1678800928,193.49.172.174,sacha
2023-03-14 15:05:02,1678802702,193.49.172.183,sacha
2023-03-14 15:05:03,1678802703,193.49.172.183,sacha
2023-03-14 15:05:04,1678802704,193.49.172.183,sacha
2023-03-14 15:05:26,1678802726,193.49.172.183,sacha
2023-03-14 15:06:07,1678802767,193.49.172.183,sacha
2023-03-14 15:35:02,1678804502,193.49.172.183,sacha
2023-03-14 15:35:03,1678804503,193.49.172.183,sacha
2023-03-14 15:35:04,1678804504,193.49.172.183,sacha
2023-03-14 15:35:28,1678804528,193.49.172.183,sacha
2023-03-14 15:36:09,1678804569,193.49.172.183,sacha
2023-03-14 16:05:02,1678806302,193.49.172.183,sacha
2023-03-14 16:05:03,1678806303,193.49.172.183,sacha
2023-03-14 16:05:04,1678806304,193.49.172.183,sacha
2023-03-14 16:05:26,1678806326,193.49.172.183,sacha
2023-03-14 16:06:06,1678806366,193.49.172.183,sacha
2023-03-14 16:35:02,1678808102,193.49.172.174,sacha
2023-03-14 16:35:02,1678808102,193.49.172.174,sacha
2023-03-14 16:35:04,1678808104,193.49.172.174,sacha
2023-03-14 16:35:27,1678808127,193.49.172.174,sacha
2023-03-14 16:36:23,1678808183,193.49.172.174,sacha
2023-03-16 08:35:04,1678952104,193.49.172.183,sacha
2023-03-16 08:35:05,1678952105,193.49.172.183,sacha
2023-03-16 08:35:06,1678952106,193.49.172.183,sacha
2023-03-16 08:35:30,1678952130,193.49.172.183,sacha
2023-03-16 08:45:43,1678952743,193.49.172.183,sacha
2023-03-16 09:05:01,1678953901,193.49.172.183,sacha
2023-03-16 09:35:02,1678955702,193.49.172.183,sacha
2023-03-16 10:05:02,1678957502,193.49.172.183,sacha
2023-03-16 10:35:01,1678959301,193.49.172.183,sacha
2023-03-16 11:35:01,1678962901,193.49.172.183,sacha
2023-03-16 12:35:02,1678966502,193.49.172.174,sacha
2023-03-16 13:05:01,1678968301,193.49.172.174,sacha
2023-03-16 13:35:01,1678970101,193.49.172.183,sacha
2023-03-16 14:05:01,1678971901,193.49.172.183,sacha
2023-03-16 14:35:02,1678973702,193.49.172.183,sacha
2023-03-16 15:35:01,1678977301,193.49.172.183,sacha
2023-03-16 16:05:02,1678979102,193.49.172.183,sacha
2023-03-17 06:52:00,1679032320,80.214.151.138,sacha
2023-02-13 08:54:50,1676274890,193.49.172.174,sacha
2023-02-13 09:05:01,1676275501,193.49.172.174,sacha
2023-02-13 09:24:53,1676276693,193.49.172.174,sacha
2023-02-13 09:35:02,1676277302,193.49.172.174,sacha
2023-02-13 10:05:02,1676279102,193.49.172.174,sacha
2023-02-13 10:35:01,1676280901,193.49.172.174,sacha
2023-02-13 11:05:01,1676282701,193.49.172.174,sacha
2023-02-13 11:35:02,1676284502,193.49.172.174,sacha
2023-02-13 12:05:02,1676286302,193.49.172.174,sacha
2023-02-13 12:35:01,1676288101,193.49.172.174,sacha
2023-02-13 13:05:01,1676289901,193.49.172.174,sacha
2023-02-13 13:35:01,1676291701,193.49.172.174,sacha
2023-02-13 14:05:01,1676293501,193.49.172.174,sacha
2023-02-13 14:35:02,1676295302,193.49.172.174,sacha
2023-02-13 14:35:39,1676295339,193.49.172.174,sacha
2023-02-13 14:36:01,1676295361,193.49.172.174,sacha
2023-02-13 15:05:02,1676297102,193.49.172.174,sacha
2023-02-13 15:35:02,1676298902,193.49.172.174,sacha
2023-02-13 16:05:02,1676300702,193.49.172.174,sacha
2023-02-14 10:05:01,1676365501,193.49.172.174,sacha
2023-02-14 10:35:01,1676367301,193.49.172.174,sacha
2023-02-14 11:05:02,1676369102,193.49.172.174,sacha
2023-02-14 11:35:01,1676370901,193.49.172.174,sacha
2023-02-14 12:05:01,1676372701,193.49.172.174,sacha
2023-02-14 12:35:02,1676374502,193.49.172.174,sacha
2023-02-14 13:05:01,1676376301,193.49.172.174,sacha
2023-02-14 13:35:02,1676378102,193.49.172.174,sacha
2023-02-14 13:54:09,1676379249,193.49.172.174,sacha
2023-02-14 14:05:01,1676379901,193.49.172.174,sacha
2023-02-14 14:35:01,1676381701,193.49.172.174,sacha
2023-02-14 15:05:02,1676383502,193.49.172.174,sacha
2023-02-14 15:35:01,1676385301,193.49.172.174,sacha
2023-02-14 16:05:02,1676387102,193.49.172.174,sacha
2023-02-14 16:35:02,1676388902,193.49.172.174,sacha
2023-01-15 19:05:04,1673805904,192.168.0.62,sacha
2023-01-15 19:35:04,1673807704,192.168.0.62,sacha
2023-01-15 20:05:04,1673809504,192.168.0.62,sacha
2023-01-16 08:34:59,1673854499,193.49.172.183,sacha
2023-01-16 09:05:00,1673856300,193.49.172.183,sacha
2023-01-16 09:35:59,1673858159,193.49.172.183,sacha
2023-01-16 10:05:00,1673859900,193.49.172.183,sacha
2023-01-16 10:34:59,1673861699,193.49.172.183,sacha
2023-01-16 11:06:05,1673863565,193.49.172.183,sacha
2023-01-16 15:05:00,1673877900,193.49.172.174,sacha
2023-01-16 15:35:02,1673879702,193.49.172.174,sacha
2023-01-16 16:05:02,1673881502,193.49.172.174,sacha
2023-01-16 16:35:01,1673883301,193.49.172.174,sacha
2023-01-16 17:35:02,1673886902,192.168.0.1,sacha
2023-01-16 18:05:01,1673888701,192.168.0.62,sacha
2023-01-18 10:05:03,1674032703,193.49.172.174,sacha
2023-01-18 10:35:02,1674034502,193.49.172.174,sacha
2023-01-18 10:45:36,1674035136,193.49.172.183,sacha
2023-01-18 11:05:03,1674036303,193.49.172.183,sacha
2023-01-18 11:35:03,1674038103,193.49.172.183,sacha
2023-01-18 12:05:03,1674039903,193.49.172.183,sacha
2023-01-18 12:35:03,1674041703,193.49.172.183,sacha
2023-01-18 13:05:03,1674043503,193.49.172.183,sacha
2023-01-18 13:35:04,1674045304,193.49.172.183,sacha
2023-01-18 14:05:02,1674047102,193.49.172.183,sacha
2023-01-18 14:35:03,1674048903,193.49.172.183,sacha
2023-01-18 15:05:03,1674050703,193.49.172.183,sacha
2023-01-18 15:35:03,1674052503,193.49.172.183,sacha
2023-01-18 16:05:02,1674054302,193.49.172.183,sacha
2023-01-18 16:35:03,1674056103,193.49.172.183,sacha
2023-01-18 17:05:03,1674057903,193.49.172.183,sacha
2023-01-19 09:05:03,1674115503,193.49.172.174,sacha
2023-01-19 09:35:02,1674117302,193.49.172.174,sacha
2023-01-19 10:05:02,1674119102,193.49.172.174,sacha
2023-01-19 10:35:02,1674120902,193.49.172.174,sacha
2023-01-19 11:05:01,1674122701,193.49.172.174,sacha
2023-01-19 11:35:02,1674124502,193.49.172.174,sacha
2023-01-19 12:05:02,1674126302,193.49.172.174,sacha
2023-01-19 12:35:01,1674128101,193.49.172.174,sacha
2023-01-19 13:05:02,1674129902,193.49.172.174,sacha
2023-01-19 13:35:02,1674131702,193.49.172.174,sacha
2023-01-19 14:05:01,1674133501,193.49.172.174,sacha
2023-01-19 14:35:02,1674135302,193.49.172.174,sacha
2023-01-19 15:05:01,1674137101,193.49.172.174,sacha
2023-01-19 15:35:01,1674138901,193.49.172.183,sacha
2023-01-19 16:05:02,1674140702,193.49.172.183,sacha
2023-01-19 16:35:01,1674142501,193.49.172.183,sacha
2023-01-20 09:05:03,1674201903,192.168.0.62,sacha
2023-01-20 09:35:03,1674203703,192.168.0.62,sacha
2023-01-20 10:05:01,1674205501,192.168.0.62,sacha
2023-01-20 10:35:01,1674207301,192.168.0.62,sacha
2023-01-20 11:05:01,1674209101,192.168.0.62,sacha
2023-01-20 11:35:01,1674210901,192.168.0.62,sacha
2023-01-20 12:05:01,1674212701,192.168.0.62,sacha
2023-01-20 12:35:02,1674214502,192.168.0.62,sacha
2023-01-20 13:05:01,1674216301,192.168.0.62,sacha
2023-01-20 13:35:01,1674218101,192.168.0.62,sacha
2023-01-20 13:54:40,1674219280,192.168.0.1,sacha
2023-01-20 14:05:02,1674219902,192.168.0.62,sacha
2023-01-20 14:35:01,1674221701,192.168.0.62,sacha
2023-01-20 15:05:01,1674223501,192.168.0.62,sacha
2023-01-20 15:35:01,1674225301,192.168.0.62,sacha
2023-01-20 16:05:01,1674227101,192.168.0.62,sacha
2023-02-20 08:35:03,1676878503,193.49.172.174,sacha
2023-02-20 09:05:03,1676880303,193.49.172.174,sacha
2023-02-20 09:35:03,1676882103,193.49.172.174,sacha
2023-02-20 10:05:02,1676883902,193.49.172.174,sacha
2023-02-20 13:05:01,1676894701,193.49.172.174,sacha
2023-02-20 13:35:01,1676896501,193.49.172.174,sacha
2023-02-20 14:05:02,1676898302,193.49.172.174,sacha
2023-02-20 14:35:02,1676900102,193.49.172.183,sacha
2023-02-20 15:05:02,1676901902,193.49.172.183,sacha
2023-02-20 15:35:02,1676903702,193.49.172.183,sacha
2023-02-20 16:11:34,1676905894,193.49.172.183,sacha
2023-02-20 16:15:47,1676906147,193.49.172.183,sacha
2023-02-20 16:38:13,1676907493,193.49.172.183,sacha
2023-02-21 08:05:01,1676963101,193.49.172.174,sacha
2023-02-21 08:35:01,1676964901,193.49.172.174,sacha
2023-02-21 08:51:30,1676965890,193.49.172.174,sacha
2023-02-21 09:35:00,1676968500,193.49.172.174,sacha
2023-02-21 10:05:00,1676970300,193.49.172.174,sacha
2023-02-21 10:35:00,1676972100,193.49.172.174,sacha
2023-02-21 11:05:00,1676973900,193.49.172.174,sacha
2023-02-21 11:35:01,1676975701,193.49.172.174,sacha
2023-02-21 12:05:00,1676977500,193.49.172.174,sacha
2023-02-21 12:35:01,1676979301,193.49.172.174,sacha
2023-02-21 13:05:01,1676981101,193.49.172.174,sacha
2023-02-21 14:05:01,1676984701,193.49.172.183,sacha
2023-02-21 14:35:00,1676986500,193.49.172.183,sacha
2023-02-21 15:05:01,1676988301,193.49.172.183,sacha
2023-02-21 15:35:01,1676990101,193.49.172.183,sacha
2023-02-21 16:05:01,1676991901,193.49.172.183,sacha
2023-02-21 16:35:01,1676993701,193.49.172.183,sacha
2023-02-22 08:35:00,1677051300,193.49.172.174,sacha
2023-02-22 09:05:00,1677053100,193.49.172.174,sacha
2023-02-22 09:35:01,1677054901,193.49.172.174,sacha
2023-02-22 10:05:02,1677056702,193.49.172.174,sacha
2023-02-22 10:35:01,1677058501,193.49.172.174,sacha
2023-02-22 11:05:02,1677060302,193.49.172.174,sacha
2023-02-22 11:35:02,1677062102,193.49.172.174,sacha
2023-02-22 12:05:02,1677063902,193.49.172.174,sacha
2023-02-22 12:35:02,1677065702,193.49.172.174,sacha
2023-02-22 13:05:02,1677067502,193.49.172.174,sacha
2023-02-22 13:35:02,1677069302,193.49.172.174,sacha
2023-02-22 15:35:02,1677076502,193.49.172.183,sacha
2023-02-22 16:05:02,1677078302,193.49.172.183,sacha
2023-02-22 16:35:01,1677080101,193.49.172.183,sacha
2023-02-23 08:35:03,1677137703,193.49.172.174,sacha
2023-02-23 09:05:01,1677139501,193.49.172.174,sacha
2023-02-23 09:35:01,1677141301,193.49.172.174,sacha
2023-02-23 09:59:56,1677142796,193.49.172.174,sacha
2023-02-23 10:00:00,1677142800,193.49.172.174,sacha
2023-02-23 10:05:01,1677143101,193.49.172.174,sacha
2023-02-23 10:11:12,1677143472,193.49.172.174,sacha
2023-02-23 10:35:02,1677144902,193.49.172.174,sacha
2023-02-23 10:37:23,1677145043,193.49.172.174,sacha
2023-02-23 11:05:01,1677146701,193.49.172.174,sacha
2023-02-23 11:35:01,1677148501,193.49.172.174,sacha
2023-02-23 12:05:02,1677150302,193.49.172.174,sacha
2023-02-23 12:35:01,1677152101,193.49.172.174,sacha
2023-02-23 13:05:01,1677153901,193.49.172.174,sacha
2023-02-23 13:35:01,1677155701,193.49.172.174,sacha
2023-02-23 14:05:02,1677157502,193.49.172.174,sacha
2023-02-23 14:35:01,1677159301,193.49.172.174,sacha
2023-02-23 15:05:01,1677161101,193.49.172.174,sacha
2023-02-23 15:35:02,1677162902,193.49.172.174,sacha
2023-02-23 16:05:02,1677164702,193.49.172.174,sacha
2023-02-23 16:35:01,1677166501,193.49.172.174,sacha
2023-02-23 17:05:02,1677168302,193.49.172.174,sacha
2023-02-23 17:35:01,1677170101,193.49.172.174,sacha
2023-02-23 18:05:01,1677171901,193.49.172.174,sacha
2023-02-24 09:05:02,1677225902,192.168.0.62,sacha
2023-02-24 09:35:01,1677227701,192.168.0.62,sacha
2023-02-24 10:05:01,1677229501,192.168.0.62,sacha
2023-02-24 10:35:01,1677231301,192.168.0.62,sacha
2023-02-24 11:05:01,1677233101,192.168.0.62,sacha
2023-02-24 11:35:02,1677234902,192.168.0.62,sacha
2023-02-24 16:05:00,1677251100,192.168.0.62,sacha
2023-02-24 16:35:01,1677252901,192.168.0.62,sacha
2023-02-24 16:36:35,1677252995,192.168.0.1,sacha
2023-02-24 17:05:00,1677254700,192.168.0.62,sacha
2023-02-24 17:19:30,1677255570,192.168.0.23,sacha
2023-02-24 17:20:27,1677255627,192.168.0.23,sacha
2023-01-22 15:35:17,1674398117,192.168.0.62,sacha
2023-01-23 09:35:01,1674462901,193.49.172.183,sacha
2023-01-23 11:35:01,1674470101,193.49.172.174,sacha
2023-01-23 12:05:01,1674471901,193.49.172.174,sacha
2023-01-23 12:35:01,1674473701,193.49.172.174,sacha
2023-01-23 13:05:01,1674475501,193.49.172.174,sacha
2023-01-23 13:32:34,1674477154,193.49.172.174,sacha
2023-01-23 13:35:02,1674477302,193.49.172.174,sacha
2023-01-23 14:05:01,1674479101,193.49.172.183,sacha
2023-01-23 14:35:02,1674480902,193.49.172.183,sacha
2023-01-23 15:05:01,1674482701,193.49.172.183,sacha
2023-01-23 15:35:01,1674484501,193.49.172.183,sacha
2023-01-23 16:05:02,1674486302,193.49.172.183,sacha
2023-01-24 08:35:01,1674545701,193.49.172.174,sacha
2023-01-24 09:05:01,1674547501,193.49.172.174,sacha
2023-01-24 09:35:01,1674549301,193.49.172.174,sacha
2023-01-24 10:05:01,1674551101,193.49.172.174,sacha
2023-01-24 10:35:01,1674552901,193.49.172.174,sacha
2023-01-24 11:05:02,1674554702,193.49.172.174,sacha
2023-01-24 11:35:01,1674556501,193.49.172.174,sacha
2023-01-24 12:05:02,1674558302,193.49.172.174,sacha
2023-01-24 12:35:02,1674560102,193.49.172.174,sacha
2023-01-24 13:05:02,1674561902,193.49.172.174,sacha
2023-01-24 13:35:01,1674563701,193.49.172.174,sacha
2023-01-24 14:05:03,1674565503,193.49.172.183,sacha
2023-01-24 14:35:01,1674567301,193.49.172.183,sacha
2023-01-24 15:05:02,1674569102,193.49.172.174,sacha
2023-01-24 15:35:02,1674570902,193.49.172.174,sacha
2023-01-24 16:05:02,1674572702,193.49.172.174,sacha
2023-01-25 08:35:07,1674632107,193.49.172.174,sacha
2023-01-25 09:05:01,1674633901,193.49.172.174,sacha
2023-01-25 09:35:01,1674635701,193.49.172.174,sacha
2023-01-25 10:05:02,1674637502,193.49.172.174,sacha
2023-01-25 10:35:01,1674639301,193.49.172.183,sacha
2023-01-25 11:05:02,1674641102,193.49.172.183,sacha
2023-01-25 11:35:02,1674642902,193.49.172.183,sacha
2023-01-25 12:05:02,1674644702,193.49.172.174,sacha
2023-01-25 12:35:01,1674646501,193.49.172.174,sacha
2023-01-25 13:05:01,1674648301,193.49.172.174,sacha
2023-01-25 13:35:01,1674650101,193.49.172.174,sacha
2023-01-25 14:05:02,1674651902,193.49.172.174,sacha
2023-01-25 14:35:02,1674653702,193.49.172.174,sacha
2023-01-25 15:05:02,1674655502,193.49.172.174,sacha
2023-01-25 15:35:01,1674657301,193.49.172.174,sacha
2023-01-25 16:05:02,1674659102,193.49.172.174,sacha
2023-01-25 16:35:02,1674660902,193.49.172.174,sacha
2023-01-26 08:05:00,1674716700,193.49.172.174,sacha
2023-01-26 08:35:01,1674718501,193.49.172.174,sacha
2023-01-26 09:05:00,1674720300,193.49.172.174,sacha
2023-01-26 09:35:01,1674722101,193.49.172.174,sacha
2023-01-26 10:05:02,1674723902,193.49.172.174,sacha
2023-01-26 10:35:02,1674725702,193.49.172.174,sacha
2023-01-26 11:05:01,1674727501,193.49.172.174,sacha
2023-01-26 11:35:01,1674729301,193.49.172.174,sacha
2023-01-26 12:05:01,1674731101,193.49.172.174,sacha
2023-01-26 12:35:02,1674732902,193.49.172.174,sacha
2023-01-26 13:05:01,1674734701,193.49.172.174,sacha
2023-01-26 13:35:02,1674736502,193.49.172.174,sacha
2023-01-26 14:05:01,1674738301,193.49.172.174,sacha
2023-01-26 14:35:02,1674740102,193.49.172.174,sacha
2023-01-26 15:05:02,1674741902,193.49.172.174,sacha
2023-01-26 15:35:02,1674743702,193.49.172.174,sacha
2023-01-26 16:05:02,1674745502,193.49.172.183,sacha
2023-01-26 16:35:01,1674747301,193.49.172.183,sacha
2023-01-26 17:05:02,1674749102,193.49.172.183,sacha
2023-01-26 17:35:07,1674750907,193.49.172.183,sacha
2023-01-26 18:05:06,1674752706,193.49.172.183,sacha
2023-01-27 08:35:00,1674804900,192.168.0.62,sacha
2023-01-27 09:05:01,1674806701,192.168.0.62,sacha
2023-01-27 11:35:00,1674815700,192.168.0.62,sacha
2023-01-30 08:35:03,1675064103,193.49.172.174,sacha
2023-01-30 09:05:01,1675065901,193.49.172.174,sacha
2023-01-30 09:35:02,1675067702,193.49.172.174,sacha
2023-01-30 10:05:02,1675069502,193.49.172.174,sacha
2023-01-30 10:35:02,1675071302,193.49.172.174,sacha
2023-01-30 11:05:02,1675073102,193.49.172.174,sacha
2023-01-30 11:35:02,1675074902,193.49.172.174,sacha
2023-01-30 13:05:01,1675080301,193.49.172.174,sacha
2023-01-30 13:35:02,1675082102,193.49.172.174,sacha
2023-01-30 14:05:02,1675083902,193.49.172.174,sacha
2023-01-30 14:35:02,1675085702,193.49.172.174,sacha
2023-01-30 15:05:02,1675087502,193.49.172.174,sacha
2023-01-30 15:35:02,1675089302,193.49.172.174,sacha
2023-01-31 08:05:01,1675148701,193.49.172.174,sacha
2023-01-31 08:35:02,1675150502,193.49.172.174,sacha
2023-01-31 09:05:02,1675152302,193.49.172.174,sacha
2023-01-31 09:35:02,1675154102,193.49.172.174,sacha
2023-01-31 10:05:02,1675155902,193.49.172.174,sacha
2023-01-31 10:35:02,1675157702,193.49.172.174,sacha
2023-01-31 11:05:02,1675159502,193.49.172.174,sacha
2023-01-31 11:35:01,1675161301,193.49.172.174,sacha
2023-01-31 12:05:01,1675163101,193.49.172.174,sacha
2023-01-31 12:35:02,1675164902,193.49.172.174,sacha
2023-01-31 13:05:02,1675166702,193.49.172.174,sacha
2023-01-31 13:35:02,1675168502,193.49.172.174,sacha
2023-01-31 14:05:02,1675170302,193.49.172.183,sacha
2023-01-31 14:35:03,1675172103,193.49.172.183,sacha
2023-01-31 17:05:03,1675181103,80.214.147.238,sacha
2023-01-31 17:35:01,1675182901,192.168.0.1,sacha
2023-02-01 09:05:01,1675238701,193.49.172.183,sacha
2023-02-01 09:35:02,1675240502,193.49.172.183,sacha
2023-02-01 10:05:01,1675242301,193.49.172.183,sacha
2023-02-01 10:35:02,1675244102,193.49.172.183,sacha
2023-02-01 11:05:02,1675245902,193.49.172.183,sacha
2023-02-01 11:35:02,1675247702,193.49.172.183,sacha
2023-02-01 12:05:02,1675249502,193.49.172.183,sacha
2023-02-01 12:35:02,1675251302,193.49.172.183,sacha
2023-02-01 13:05:03,1675253103,193.49.172.183,sacha
2023-02-01 16:05:02,1675263902,193.49.172.174,sacha
2023-02-01 16:35:02,1675265702,193.49.172.174,sacha
2023-02-01 17:05:02,1675267502,193.49.172.174,sacha
2023-02-02 08:05:03,1675321503,193.49.172.174,sacha
2023-02-02 08:35:01,1675323301,193.49.172.174,sacha
2023-02-02 12:05:02,1675335902,193.49.172.174,sacha
2023-02-02 12:35:03,1675337703,193.49.172.174,sacha
2023-02-02 13:05:01,1675339501,193.49.172.174,sacha
2023-02-02 13:35:01,1675341301,193.49.172.174,sacha
2023-02-02 14:05:56,1675343156,193.49.172.183,sacha
2023-02-02 14:35:01,1675344901,193.49.172.183,sacha
2023-02-02 15:05:02,1675346702,193.49.172.183,sacha
2023-02-02 16:05:13,1675350313,193.49.172.183,sacha
2023-02-03 08:35:03,1675409703,192.168.0.62,sacha
2023-02-03 09:05:01,1675411501,192.168.0.62,sacha
2023-02-03 09:35:01,1675413301,192.168.0.62,sacha
2023-02-03 10:05:01,1675415101,192.168.0.62,sacha
2023-02-03 10:35:01,1675416901,192.168.0.62,sacha
2023-02-03 11:05:01,1675418701,192.168.0.62,sacha
2023-02-03 11:35:01,1675420501,192.168.0.62,sacha
2023-02-03 14:35:01,1675431301,192.168.0.62,sacha
2023-02-03 15:05:01,1675433101,192.168.0.62,sacha
2023-02-03 15:35:02,1675434902,192.168.0.62,sacha
2023-02-03 16:05:01,1675436701,192.168.0.62,sacha
2023-02-03 17:35:02,1675442102,192.168.0.62,sacha
2023-02-03 18:05:01,1675443901,192.168.0.62,sacha
2023-02-27 08:19:13,1677482353,193.49.172.174,sacha
2023-02-27 08:19:18,1677482358,193.49.172.174,sacha
2023-02-27 08:19:29,1677482369,193.49.172.174,sacha
2023-02-27 08:20:27,1677482427,193.49.172.174,sacha
2023-02-27 08:20:28,1677482428,193.49.172.174,sacha
2023-02-27 08:35:01,1677483301,193.49.172.174,sacha
2023-02-27 08:35:02,1677483302,193.49.172.174,sacha
2023-02-27 08:35:03,1677483303,193.49.172.174,sacha
2023-02-27 09:05:02,1677485102,193.49.172.174,sacha
2023-02-27 09:09:27,1677485367,193.49.172.174,sacha
2023-02-27 09:09:40,1677485380,193.49.172.174,sacha
2023-02-27 09:35:02,1677486902,193.49.172.174,sacha
2023-02-27 09:52:04,1677487924,193.49.172.174,sacha
2023-02-27 10:05:02,1677488702,193.49.172.174,sacha
2023-02-27 10:35:02,1677490502,193.49.172.174,sacha
2023-02-27 10:43:35,1677491015,193.49.172.174,sacha
2023-02-27 10:43:35,1677491015,193.49.172.174,sacha
2023-02-27 11:05:02,1677492302,193.49.172.174,sacha
2023-02-27 11:30:27,1677493827,193.49.172.174,sacha
2023-02-27 11:35:03,1677494103,193.49.172.174,sacha
2023-02-27 11:57:08,1677495428,193.49.172.174,sacha
2023-02-27 12:05:02,1677495902,193.49.172.174,sacha
2023-02-27 12:35:02,1677497702,193.49.172.174,sacha
2023-02-27 13:05:02,1677499502,193.49.172.174,sacha
2023-02-27 13:12:32,1677499952,193.49.172.174,sacha
2023-02-27 13:13:54,1677500034,193.49.172.174,sacha
2023-02-27 13:15:45,1677500145,193.49.172.174,sacha
2023-02-27 13:15:47,1677500147,193.49.172.174,sacha
2023-02-27 14:35:01,1677504901,193.49.172.183,sacha
2023-02-27 14:35:02,1677504902,193.49.172.183,sacha
2023-02-27 14:35:03,1677504903,193.49.172.183,sacha
2023-02-27 14:35:23,1677504923,193.49.172.183,sacha
2023-02-27 15:05:01,1677506701,193.49.172.183,sacha
2023-02-27 15:12:22,1677507142,193.49.172.183,sacha
2023-02-28 08:35:00,1677569700,193.49.172.174,sacha
2023-02-28 08:35:01,1677569701,193.49.172.174,sacha
2023-02-28 08:35:02,1677569702,193.49.172.174,sacha
2023-02-28 08:35:17,1677569717,193.49.172.174,sacha
2023-02-28 08:35:19,1677569719,193.49.172.174,sacha
2023-02-28 09:04:59,1677571499,193.49.172.174,sacha
2023-02-28 09:05:00,1677571500,193.49.172.174,sacha
2023-02-28 09:05:02,1677571502,193.49.172.174,sacha
2023-02-28 09:05:15,1677571515,193.49.172.174,sacha
2023-02-28 09:05:17,1677571517,193.49.172.174,sacha
2023-02-28 09:34:59,1677573299,193.49.172.174,sacha
2023-02-28 09:34:59,1677573299,193.49.172.174,sacha
2023-02-28 09:35:01,1677573301,193.49.172.174,sacha
2023-02-28 09:35:15,1677573315,193.49.172.174,sacha
2023-02-28 09:35:17,1677573317,193.49.172.174,sacha
2023-02-28 10:04:59,1677575099,193.49.172.183,sacha
2023-02-28 10:05:00,1677575100,193.49.172.183,sacha
2023-02-28 10:05:01,1677575101,193.49.172.183,sacha
2023-02-28 10:05:17,1677575117,193.49.172.183,sacha
2023-02-28 10:05:19,1677575119,193.49.172.183,sacha
2023-02-28 10:34:58,1677576898,193.49.172.183,sacha
2023-02-28 10:34:59,1677576899,193.49.172.183,sacha
2023-02-28 10:35:00,1677576900,193.49.172.183,sacha
2023-02-28 10:35:16,1677576916,193.49.172.183,sacha
2023-02-28 10:35:18,1677576918,193.49.172.183,sacha
2023-02-28 11:04:58,1677578698,193.49.172.183,sacha
2023-02-28 11:04:59,1677578699,193.49.172.183,sacha
2023-02-28 11:05:00,1677578700,193.49.172.183,sacha
2023-02-28 11:05:15,1677578715,193.49.172.183,sacha
2023-02-28 11:05:18,1677578718,193.49.172.183,sacha
2023-02-28 11:22:16,1677579736,193.49.172.183,sacha
2023-02-28 11:22:16,1677579736,193.49.172.183,sacha
2023-02-28 11:24:23,1677579863,193.49.172.183,sacha
2023-02-28 11:24:30,1677579870,193.49.172.183,sacha
2023-02-28 11:28:39,1677580119,193.49.172.183,sacha
2023-02-28 11:29:06,1677580146,193.49.172.183,sacha
2023-02-28 11:34:58,1677580498,193.49.172.183,sacha
2023-02-28 11:34:59,1677580499,193.49.172.183,sacha
2023-02-28 11:35:00,1677580500,193.49.172.183,sacha
2023-02-28 11:35:23,1677580523,193.49.172.183,sacha
2023-02-28 11:35:25,1677580525,193.49.172.183,sacha
2023-02-28 11:52:19,1677581539,193.49.172.183,sacha
2023-02-28 11:52:20,1677581540,193.49.172.183,sacha
2023-02-28 12:04:59,1677582299,193.49.172.183,sacha
2023-02-28 12:04:59,1677582299,193.49.172.183,sacha
2023-02-28 12:05:01,1677582301,193.49.172.183,sacha
2023-02-28 12:05:18,1677582318,193.49.172.183,sacha
2023-02-28 12:05:20,1677582320,193.49.172.183,sacha
2023-02-28 13:04:58,1677585898,193.49.172.174,sacha
2023-02-28 13:04:58,1677585898,193.49.172.174,sacha
2023-02-28 13:05:00,1677585900,193.49.172.174,sacha
2023-02-28 13:05:14,1677585914,193.49.172.174,sacha
2023-02-28 13:05:16,1677585916,193.49.172.174,sacha
2023-02-28 13:34:57,1677587697,193.49.172.174,sacha
2023-02-28 13:34:58,1677587698,193.49.172.174,sacha
2023-02-28 13:34:59,1677587699,193.49.172.174,sacha
2023-02-28 13:35:13,1677587713,193.49.172.174,sacha
2023-02-28 13:35:15,1677587715,193.49.172.174,sacha
2023-02-28 15:04:56,1677593096,193.49.172.174,sacha
2023-02-28 15:04:57,1677593097,193.49.172.174,sacha
2023-02-28 15:04:58,1677593098,193.49.172.174,sacha
2023-02-28 15:05:12,1677593112,193.49.172.174,sacha
2023-02-28 15:05:14,1677593114,193.49.172.174,sacha
2023-02-28 15:34:56,1677594896,193.49.172.174,sacha
2023-02-28 15:34:57,1677594897,193.49.172.174,sacha
2023-02-28 15:34:58,1677594898,193.49.172.174,sacha
2023-02-28 15:35:25,1677594925,193.49.172.174,sacha
2023-02-28 15:35:27,1677594927,193.49.172.174,sacha
2023-02-28 16:04:56,1677596696,193.49.172.174,sacha
2023-02-28 16:04:57,1677596697,193.49.172.174,sacha
2023-02-28 16:04:58,1677596698,193.49.172.174,sacha
2023-02-28 16:05:15,1677596715,193.49.172.174,sacha
2023-02-28 16:05:17,1677596717,193.49.172.174,sacha
2023-02-28 16:34:56,1677598496,193.49.172.174,sacha
2023-02-28 16:34:57,1677598497,193.49.172.174,sacha
2023-02-28 16:34:58,1677598498,193.49.172.174,sacha
2023-02-28 16:35:14,1677598514,193.49.172.174,sacha
2023-02-28 16:35:17,1677598517,193.49.172.174,sacha
2023-03-01 08:15:40,1677654940,192.168.0.7,sacha
2023-03-01 08:18:05,1677655085,192.168.0.7,sacha
2023-03-01 10:34:55,1677663295,193.49.172.174,sacha
2023-03-01 10:34:56,1677663296,193.49.172.174,sacha
2023-03-01 10:34:58,1677663298,193.49.172.174,sacha
2023-03-01 10:35:16,1677663316,193.49.172.174,sacha
2023-03-01 10:35:18,1677663318,193.49.172.174,sacha
2023-03-01 11:04:56,1677665096,193.49.172.174,sacha
2023-03-01 11:04:56,1677665096,193.49.172.174,sacha
2023-03-01 11:04:58,1677665098,193.49.172.174,sacha
2023-03-01 11:05:14,1677665114,193.49.172.174,sacha
2023-03-01 11:05:16,1677665116,193.49.172.174,sacha
2023-03-01 11:34:56,1677666896,193.49.172.174,sacha
2023-03-01 11:34:56,1677666896,193.49.172.174,sacha
2023-03-01 11:34:58,1677666898,193.49.172.174,sacha
2023-03-01 11:35:13,1677666913,193.49.172.174,sacha
2023-03-01 11:35:16,1677666916,193.49.172.174,sacha
2023-03-01 12:04:56,1677668696,193.49.172.174,sacha
2023-03-01 12:04:56,1677668696,193.49.172.174,sacha
2023-03-01 12:04:57,1677668697,193.49.172.174,sacha
2023-03-01 12:05:14,1677668714,193.49.172.174,sacha
2023-03-01 12:05:16,1677668716,193.49.172.174,sacha
2023-03-01 12:34:55,1677670495,193.49.172.174,sacha
2023-03-01 12:34:56,1677670496,193.49.172.174,sacha
2023-03-01 12:34:57,1677670497,193.49.172.174,sacha
2023-03-01 12:35:14,1677670514,193.49.172.174,sacha
2023-03-01 12:35:16,1677670516,193.49.172.174,sacha
2023-03-01 13:04:56,1677672296,193.49.172.174,sacha
2023-03-01 13:04:56,1677672296,193.49.172.174,sacha
2023-03-01 13:04:57,1677672297,193.49.172.174,sacha
2023-03-01 13:05:13,1677672313,193.49.172.174,sacha
2023-03-01 13:05:15,1677672315,193.49.172.174,sacha
2023-03-01 13:34:56,1677674096,193.49.172.174,sacha
2023-03-01 13:34:57,1677674097,193.49.172.174,sacha
2023-03-01 13:34:59,1677674099,193.49.172.174,sacha
2023-03-01 13:35:15,1677674115,193.49.172.174,sacha
2023-03-01 13:35:17,1677674117,193.49.172.174,sacha
2023-03-01 14:04:56,1677675896,193.49.172.174,sacha
2023-03-01 14:04:57,1677675897,193.49.172.174,sacha
2023-03-01 14:04:59,1677675899,193.49.172.174,sacha
2023-03-01 14:05:15,1677675915,193.49.172.174,sacha
2023-03-01 14:05:17,1677675917,193.49.172.174,sacha
2023-03-01 14:34:56,1677677696,193.49.172.174,sacha
2023-03-01 14:34:56,1677677696,193.49.172.174,sacha
2023-03-01 14:34:57,1677677697,193.49.172.174,sacha
2023-03-01 14:35:14,1677677714,193.49.172.174,sacha
2023-03-01 14:35:16,1677677716,193.49.172.174,sacha
2023-03-01 15:04:55,1677679495,193.49.172.174,sacha
2023-03-01 15:04:56,1677679496,193.49.172.174,sacha
2023-03-01 15:04:57,1677679497,193.49.172.174,sacha
2023-03-01 15:05:13,1677679513,193.49.172.174,sacha
2023-03-01 15:05:15,1677679515,193.49.172.174,sacha
2023-03-01 15:34:56,1677681296,193.49.172.174,sacha
2023-03-01 15:34:57,1677681297,193.49.172.174,sacha
2023-03-01 15:34:58,1677681298,193.49.172.174,sacha
2023-03-01 15:35:14,1677681314,193.49.172.174,sacha
2023-03-01 15:35:16,1677681316,193.49.172.174,sacha
2023-03-02 09:34:56,1677746096,80.214.208.163,sacha
2023-03-02 09:34:57,1677746097,80.214.208.163,sacha
2023-03-02 09:34:59,1677746099,80.214.208.163,sacha
2023-03-02 09:35:20,1677746120,80.214.208.163,sacha
2023-03-02 09:35:23,1677746123,80.214.208.163,sacha
2023-03-02 10:05:02,1677747902,80.214.208.163,sacha
2023-03-02 10:05:04,1677747904,80.214.208.163,sacha
2023-03-02 10:05:05,1677747905,80.214.208.163,sacha
2023-03-02 10:05:27,1677747927,80.214.208.163,sacha
2023-03-02 10:05:29,1677747929,80.214.208.163,sacha
2023-03-02 10:35:03,1677749703,80.214.208.163,sacha
2023-03-02 10:35:05,1677749705,80.214.208.163,sacha
2023-03-02 10:35:07,1677749707,80.214.208.163,sacha
2023-03-02 10:35:36,1677749736,80.214.208.163,sacha
2023-03-02 10:35:39,1677749739,80.214.208.163,sacha
2023-03-02 12:05:02,1677755102,193.49.172.174,sacha
2023-03-02 12:05:03,1677755103,193.49.172.174,sacha
2023-03-02 12:05:05,1677755105,193.49.172.174,sacha
2023-03-02 12:05:22,1677755122,193.49.172.174,sacha
2023-03-02 12:05:25,1677755125,193.49.172.174,sacha
2023-03-02 12:35:01,1677756901,193.49.172.174,sacha
2023-03-02 12:35:02,1677756902,193.49.172.174,sacha
2023-03-02 12:35:03,1677756903,193.49.172.174,sacha
2023-03-02 12:35:19,1677756919,193.49.172.174,sacha
2023-03-02 12:35:21,1677756921,193.49.172.174,sacha
2023-03-02 13:05:01,1677758701,193.49.172.174,sacha
2023-03-02 13:05:02,1677758702,193.49.172.174,sacha
2023-03-02 13:05:03,1677758703,193.49.172.174,sacha
2023-03-02 13:05:20,1677758720,193.49.172.174,sacha
2023-03-02 13:05:22,1677758722,193.49.172.174,sacha
2023-03-02 13:35:02,1677760502,193.49.172.174,sacha
2023-03-02 13:35:02,1677760502,193.49.172.174,sacha
2023-03-02 13:35:03,1677760503,193.49.172.174,sacha
2023-03-02 13:35:20,1677760520,193.49.172.174,sacha
2023-03-02 13:35:23,1677760523,193.49.172.174,sacha
2023-03-02 14:05:03,1677762303,193.49.172.174,sacha
2023-03-02 14:05:04,1677762304,193.49.172.174,sacha
2023-03-02 14:05:05,1677762305,193.49.172.174,sacha
2023-03-02 14:05:21,1677762321,193.49.172.174,sacha
2023-03-02 14:05:23,1677762323,193.49.172.174,sacha
2023-03-02 14:35:01,1677764101,193.49.172.174,sacha
2023-03-02 14:35:02,1677764102,193.49.172.174,sacha
2023-03-02 14:35:03,1677764103,193.49.172.174,sacha
2023-03-02 14:35:21,1677764121,193.49.172.174,sacha
2023-03-02 14:35:23,1677764123,193.49.172.174,sacha
2023-03-02 15:05:02,1677765902,193.49.172.174,sacha
2023-03-02 15:05:02,1677765902,193.49.172.174,sacha
2023-03-02 15:05:03,1677765903,193.49.172.174,sacha
2023-03-02 15:05:22,1677765922,193.49.172.174,sacha
2023-03-02 15:05:23,1677765923,193.49.172.174,sacha
2023-03-02 15:35:02,1677767702,193.49.172.174,sacha
2023-03-02 15:35:02,1677767702,193.49.172.174,sacha
2023-03-02 15:35:04,1677767704,193.49.172.174,sacha
2023-03-02 15:35:22,1677767722,193.49.172.174,sacha
2023-03-02 15:35:24,1677767724,193.49.172.174,sacha
2023-03-02 16:05:01,1677769501,193.49.172.174,sacha
2023-03-02 16:05:02,1677769502,193.49.172.174,sacha
2023-03-02 16:05:03,1677769503,193.49.172.174,sacha
2023-03-02 16:05:21,1677769521,193.49.172.174,sacha
2023-03-02 16:05:23,1677769523,193.49.172.174,sacha
2023-03-02 16:35:02,1677771302,193.49.172.174,sacha
2023-03-02 16:35:02,1677771302,193.49.172.174,sacha
2023-03-02 16:35:03,1677771303,193.49.172.174,sacha
2023-03-02 16:35:22,1677771322,193.49.172.174,sacha
2023-03-02 16:35:24,1677771324,193.49.172.174,sacha
2023-03-03 07:05:00,1677823500,192.168.0.62,sacha
2023-03-03 07:05:00,1677823500,192.168.0.62,sacha
2023-03-03 07:05:01,1677823501,192.168.0.62,sacha
2023-03-03 07:05:16,1677823516,192.168.0.62,sacha
2023-03-03 07:05:18,1677823518,192.168.0.62,sacha
2023-03-03 11:05:01,1677837901,192.168.0.62,sacha
2023-03-03 11:05:01,1677837901,192.168.0.62,sacha
2023-03-03 11:05:02,1677837902,192.168.0.62,sacha
2023-03-03 11:05:15,1677837915,192.168.0.62,sacha
2023-03-03 11:05:17,1677837917,192.168.0.62,sacha
2023-03-03 11:35:02,1677839702,192.168.0.62,sacha
2023-03-03 11:35:02,1677839702,192.168.0.62,sacha
2023-03-03 11:35:02,1677839702,192.168.0.62,sacha
2023-03-03 11:35:15,1677839715,192.168.0.62,sacha
2023-03-03 11:35:16,1677839716,192.168.0.62,sacha
2023-03-03 12:05:01,1677841501,192.168.0.62,sacha
2023-03-03 12:05:01,1677841501,192.168.0.62,sacha
2023-03-03 12:05:02,1677841502,192.168.0.62,sacha
2023-03-03 12:05:15,1677841515,192.168.0.62,sacha
2023-03-03 12:05:16,1677841516,192.168.0.62,sacha
2023-03-03 12:35:02,1677843302,192.168.0.62,sacha
2023-03-03 12:35:02,1677843302,192.168.0.62,sacha
2023-03-03 12:35:02,1677843302,192.168.0.62,sacha
2023-03-03 12:35:15,1677843315,192.168.0.62,sacha
2023-03-03 12:35:16,1677843316,192.168.0.62,sacha
2023-03-03 13:05:02,1677845102,192.168.0.62,sacha
2023-03-03 13:05:02,1677845102,192.168.0.62,sacha
2023-03-03 13:05:02,1677845102,192.168.0.62,sacha
2023-03-03 13:05:15,1677845115,192.168.0.62,sacha
2023-03-03 13:05:16,1677845116,192.168.0.62,sacha
2023-03-03 13:35:01,1677846901,192.168.0.62,sacha
2023-03-03 13:35:01,1677846901,192.168.0.62,sacha
2023-03-03 13:35:01,1677846901,192.168.0.62,sacha
2023-03-03 13:35:13,1677846913,192.168.0.62,sacha
2023-03-03 13:35:14,1677846914,192.168.0.62,sacha
2023-03-03 14:05:01,1677848701,192.168.0.62,sacha
2023-03-03 14:05:01,1677848701,192.168.0.62,sacha
2023-03-03 14:05:02,1677848702,192.168.0.62,sacha
2023-03-03 14:05:14,1677848714,192.168.0.62,sacha
2023-03-03 14:05:16,1677848716,192.168.0.62,sacha
2023-03-03 14:35:01,1677850501,192.168.0.62,sacha
2023-03-03 14:35:02,1677850502,192.168.0.62,sacha
2023-03-03 14:35:02,1677850502,192.168.0.62,sacha
2023-03-03 14:35:15,1677850515,192.168.0.62,sacha
2023-03-03 14:35:16,1677850516,192.168.0.62,sacha
2023-03-03 15:50:34,1677855034,192.168.0.1,sacha
2023-03-03 16:05:00,1677855900,192.168.0.62,sacha
2023-03-03 16:05:01,1677855901,192.168.0.62,sacha
2023-03-03 16:05:01,1677855901,192.168.0.62,sacha
2023-03-03 16:05:15,1677855915,192.168.0.62,sacha
2023-03-03 16:05:16,1677855916,192.168.0.62,sacha
